{
    "condition": "minecraft:any_of",
    "terms": [
        {
            "condition": "minecraft:value_check",
            "value": {
                "type": "minecraft:score",
                "target": {
                    "type": "minecraft:fixed",
                    "name": "$xp"
                },
                "score": "pk.temp"
            },
            "range": {
                "min": 1
            }
        },
        {
            "condition": "minecraft:value_check",
            "value": {
                "type": "minecraft:score",
                "target": {
                    "type": "minecraft:fixed",
                    "name": "$lvl"
                },
                "score": "pk.temp"
            },
            "range": {
                "min": 2
            }
        }
    ]
}
