{
	"name": "[REDACTED]",
	"icon": "dimdungeons:textures/item/item_secret_bell_2.png",
	"category": "dimdungeons:artifacts",
	"sortnum": 11,
	"secret": true,
	"advancement": "dimdungeons:dungeons/find_bell_2",
	"pages": [
		{
			"type": "spotlight",
			"item": "dimdungeons:item_secret_bell{upgrade:2}",
			"text": "You've found an upgraded $(k)Bell of Secrets$()! This bell functions just like the regular Bell of Secrets except that it also works in every dimension!"
		},
		{
			"type": "text",
			"text": "This item is unobtainable in version 1.13; but then again treasure from the future wouldn't be the strangest thing to find in a dimensional dungeon."
		}
	]
}