{
  "priority": 1000,
  "frame": ["obscure_tooltips:bones"],
  "panel": ["obscure_tooltips:bones"],
  "filter": {
    "items": [
      "minecraft:bone_block",
      "minecraft:bone_meal",
      "minecraft:bone",
      "miners_delight:bone_broth_cup",
      "tetra:scroll_rolled",
      "architects_palette:withered_bone",
      "architects_palette:withered_bone_block",
      "architects_palette:bone_nub",
      "alexsmobs:bone_serpent_tooth",
      "alexsmobs:fish_bones",
      "farmersdelight:bone_broth",
      "alexscaves:heavy_bone",
      "alexscaves:hollow_bone",
      "alexscaves:thin_bone",
      "alexscaves:bone_nodule",
      "alexscaves:bone_ribs",
      "alexscaves:baleen_bone",
      "alexscaves:smooth_bone",
      "alexscaves:smooth_bone_stairs",
      "alexscaves:smooth_bone_slab",
      "alexscaves:smooth_bone_wall",
      "alexscaves:bone_worms",
      "minecraft:skeleton_skull",
      "minecraft:wither_skeleton_skull",
      "alexsmobs:skelewag_sword",
      "architects_palette:osseous_bricks",
      "architects_palette:osseous_brick_slab",
      "architects_palette:osseous_brick_stairs",
      "architects_palette:osseous_brick_wall",
      "architects_palette:osseous_pillar",
      "architects_palette:osseous_skull",
      "architects_palette:osseous_skull",
      "architects_palette:lit_osseous_skull",
      "architects_palette:withered_osseous_bricks",
      "architects_palette:withered_osseous_brick_slab",
      "architects_palette:withered_osseous_brick_stairs",
      "architects_palette:withered_osseous_brick_wall",
      "architects_palette:withered_osseous_pillar",
      "architects_palette:withered_osseous_skull",
      "architects_palette:lit_withered_osseous_skull",
      "minecraft:soul_sand",
      "minecraft:soul_soil",
      "minecraft:soul_torch",
      "minecraft:soul_lantern",
      "minecraft:soul_campfire",
      "blocky_siege:soul_bomb_0",
      "mynethersdelight:nether_bricks_soul_stove",
      "dungeonnowloading:soul_cloth",
      "dungeonnowloading:soul_silk",
      "dungeonnowloading:spawner_sword",
      "alexsmobs:soul_heart",
      "alexsmobs:skreecher_soul",
      "twigs:soul_lamp",
      "endrem:undead_soul",
      "buzzier_bees:soul_candle",
      "quark:soul_sandstone_bricks",
      "quark:soul_sandstone_bricks_wall",
      "quark:soul_sandstone_bricks_slab",
      "quark:soul_sandstone_bricks_stairs",
      "quark:soul_sandstone",
      "quark:soul_sandstone_wall",
      "quark:soul_sandstone_slab",
      "quark:soul_sandstone_stairs",
      "quark:chiseled_soul_sandstone",
      "quark:cut_soul_sandstone",
      "quark:cut_soul_sandstone_slab",
      "quark:smooth_soul_sandstone",
      "quark:soul_bead",
      "supplementaries:sconce_soul",
      "supplementaries:candle_holder_soul",
      "bitter_brews:soul_pepper",
      "bitter_brews:soul_pepper_seeds",
      "theinkarena:trapped_soul",
      "theinkarena:soul_lamp",
      "theinkarena:soul_power_scroll",
      "caverns_and_chasms:soul_brazier",
      "sculkhorde:crying_souls",
      "architects_palette:wither_lamp",
      "endrem:wither_eye",
      "minecraft:wither_rose"
    ]
  }
}