{
  "priority": 1000,
  "frame": ["obscure_tooltips:ice"],
  "panel": ["obscure_tooltips:ice"],
  "filter": {
    "items":
       [ 
      "minecraft:ice",
      "minecraft:packed_ice",
      "minecraft:blue_ice",
      "immersive_weathering:ice_sickle",
      "immersive_weathering:thin_ice" ,
      "ad_astra:ice_shard",
      "enlightened_end:frostburn_ice",
      "architects_palette:polished_packed_ice",
      "architects_palette:polished_packed_ice_slab",
      "architects_palette:polished_packed_ice_stairs",
      "architects_palette:polished_packed_ice_wall",
      "architects_palette:chiseled_packed_ice",
      "architects_palette:packed_ice_pillar",
      "endrem:cold_eye",
      "neapolitan:vanilla_ice_cream_block",
      "neapolitan:chocolate_ice_cream_block",
      "neapolitan:strawberry_ice_cream_block",
      "neapolitan:banana_ice_cream_block",
      "neapolitan:mint_ice_cream_block",
      "neapolitan:adzuki_ice_cream_block",
      "neapolitan:ice_cubes",
      "neapolitan:vanilla_ice_cream",
      "neapolitan:chocolate_ice_cream",
      "neapolitan:strawberry_ice_cream",
      "neapolitan:banana_ice_cream",
      "neapolitan:mint_ice_cream",
      "neapolitan:adzuki_ice_cream",
      "neapolitan:neapolitan_ice_cream",
      "exquisito:chorus_ice_cream",
      "exquisito:jelly_ring_ice_cream",
      "exquisito:zure_berry_ice_cream",
      "exquisito:warzipan_ice_cream",
      "exquisito:chorus_ice_cream_block",
      "exquisito:ether_bulb_ice_cream_block",
      "exquisito:jelly_ring_ice_cream_block",
      "exquisito:nightshade_berry_ice_cream_block",
      "exquisito:zure_berry_ice_cream_block",
      "exquisito:warzipan_ice_cream_block",
      "collectorsreap:lime_ice_cream",
      "collectorsreap:lime_ice_cream_block",
      "collectorsreap:pomegranate_ice_cream_block",
      "collectorsreap:pomegranate_ice_cream",
      "minecraft:snow",
      "minecraft:snow_block",
      "minecraft:powder_snow_bucket",
      "minecraft:snowball",
      "immersive_weathering:snowy_stone",
      "immersive_weathering:snowy_stone_stairs",
      "immersive_weathering:snowy_stone_slab",
      "immersive_weathering:snowy_stone_wall",
      "immersive_weathering:snowy_cobblestone",
      "immersive_weathering:snowy_cobblestone_stairs",
      "immersive_weathering:snowy_cobblestone_slab",
      "immersive_weathering:snowy_cobblestone_wall",
      "immersive_weathering:snowy_stone_bricks",
      "immersive_weathering:snowy_chiseled_stone_bricks",
      "immersive_weathering:snowy_stone_brick_stairs",
      "immersive_weathering:snowy_stone_brick_slab",
      "immersive_weathering:snowy_stone_brick_wall",
      "miners_delight:powder_snow_cup",
      "architects_palette:coarse_snow",
      "snowyspirit:snow_globe",
      "alexscaves:marine_snow",
      "caverns_and_chasms:golden_powder_snow_bucket",
      "blocky_siege:giant_frost_bomb",
      "blocky_siege:frost_bomb_0",
      "immersive_weathering:permafrost",
      "immersive_weathering:grassy_permafrost",
      "immersive_weathering:frosty_grass",
      "immersive_weathering:frosty_fern",
      "immersive_weathering:frosty_glass",
      "immersive_weathering:frosty_glass_pane",
      "immersive_weathering:frost",
      "ad_astra:permafrost",
      "ad_astra:permafrost_bricks",
      "ad_astra:permafrost_brick_stairs",
      "ad_astra:permafrost_brick_slab",
      "ad_astra:cracked_permafrost_bricks",
      "ad_astra:permafrost_tiles",
      "ad_astra:chiseled_permafrost_bricks",
      "ad_astra:chiseled_permafrost_brick_stairs",
      "ad_astra:chiseled_permafrost_brick_slab", 
      "ad_astra:polished_permafrost",
      "ad_astra:polished_permafrost_stairs",
      "ad_astra:polished_permafrost_slab",
      "ad_astra:permafrost_pillar",
      "ad_astra:permafrost_brick_wall",
      "enlightened_end:frostburnt_void_shale",
      "enlightened_end:frostburn_ice",                     
      "enlightened_end:frost_fruit",
      "alexsmobs:froststalker_horn",
      "alexsmobs:froststalker_helmet",
      "flying_stuff:tall_glaciated_grass",
      "flying_stuff:short_glaciated_grass",
      "flying_stuff:glaciated_grass_block",
      "flying_stuff:ice_spikes",
      "flying_stuff:mossy_glaciated_skyrock_bricks",
      "flying_stuff:glaciated_skyrock_pillar",
      "flying_stuff:glaciated_skyrock_pillar_base",
      "flying_stuff:chiseled_glaciated_skyrock",
      "flying_stuff:glaciated_skyrock_bricks_slab",
      "flying_stuff:glaciated_skyrock_bricks_stairs",
      "flying_stuff:glaciated_skyrock_bricks",
      "flying_stuff:polished_glaciated_skyrock_slab",
      "flying_stuff:polished_glaciated_skyrock_stairs",
      "flying_stuff:polished_glacitated_skyrock",
      "flying_stuff:cobbled_glaciated_skyrockwall",
      "flying_stuff:cobbled_glaciated_skyrock_slab",
      "flying_stuff:cobbled_glaciated_skyrock_stairs",
      "flying_stuff:cobbled_glaciated_skyrock",
      "flying_stuff:mossy_glaciated_skyrock",
      "flying_stuff:glaciated_skyrock_wall",
      "flying_stuff:glaciated_skyrockslab",
      "flying_stuff:glaciated_skyrock_stairs",
      "flying_stuff:glaciated_skyrock",
      "endrem:cold_eye",
      "galosphere:allurite_shard",
      "galosphere:allurite_block",
      "galosphere:allurite_cluster",
      "galosphere:glinted_allurite_cluster",
      "galosphere:allurite_stairs",
      "galosphere:allurite_slab",
      "galosphere:smooth_allurite",
      "galosphere:smooth_allurite_stairs",
      "galosphere:smooth_allurite_slab",
      "galosphere:allurite_bricks",
      "galosphere:allurite_brick_stairs",
      "galosphere:allurite_brick_slab",
      "galosphere:chiseled_allurite",
      "galosphere:allurite_lamp",
      "endermanoverhaul:icy_pearl",
      "endermanoverhaul:snowy_hood"
        ]
  }
}