{
  "priority": 900,
  "effects": [ "obscure_tooltips:ender" ],
  "frame": ["obscure_tooltips:ender"],
  "panel": ["obscure_tooltips:ender"],
  "filter": {
    "items": [
      "minecraft:ender_pearl",
      "minecraft:ender_eye",
      "endrem:lost_eye",
      "endrem:old_eye",
      "endrem:rogue_eye",
      "endrem:black_eye",
      "endrem:corrupted_eye",
      "endrem:wither_eye",
      "endrem:witch_eye",
      "endrem:undead_eye",
      "endrem:magical_eye",
      "endrem:cold_eye",
      "endrem:corrupted_eye",
      "endrem:nether_eye",
      "endrem:cursed_eye",
      "endrem:evil_eye",
      "endrem:guardian_eye",
      "endrem:exotic_eye",
      "endrem:cryptic_eye",
      "supplementaries:enderman_head",
      "beansbackpacks:ender_backpack",
      "architects_palette:ender_pearl_block",
      "minecraft:ender_pearl",
      "minecraft:ender_eye",
      "supplementaries:end_stone_lamp",
      "quark:ender_watcher",
      "minecraft:ender_chest",
      "quark:music_disc_endermosh",
      "alexsmobs:enderiophage_rocket",
      "enlightened_end:adamantite_armor_helmet",
      "enlightened_end:adamantite_armor_chestplate",
      "enlightened_end:adamantite_armor_leggings",
      "enlightened_end:adamantite_armor_boots",
      "enlightened_end:adamantite_sword",
      "enlightened_end:adamantite_pickaxe",
      "enlightened_end:adamantite_node",
      "enlightened_end:adamantite_block",
      "enlightened_end:adamantite_nugget",
      "enlightened_end:adamantite_axe",
      "enlightened_end:adamantite_shovel",
      "enlightened_end:adamantite_hoe",
      "transmog:transmogrification_table",
      "alexsmobs:void_worm_beak",
      "alexsmobs:void_worm_effigy",
      "alexsmobs:shattered_dimensional_carver",
      "alexsmobs:dimensional_carver",
      "alexsmobs:mysterious_worm",
      "alexsmobs:void_worm_eye",
      "alexsmobs:void_worm_mandible",
      "alexsmobs:mimicream",
      "alexsmobs:capsid",
      "alexsmobs:cosmic_cod",
      "alexsmobs:cosmic_cod_bucket",
      "minecraft:crying_obsidian",
      "frame_changer:crying_obsidian_bricks",
      "frame_changer:crying_obsidian_brick_stairs",
      "frame_changer:crying_obsidian_brick_wall",
      "frame_changer:crying_obsidian_brick_slab",
      "frame_changer:crying_polished_obsidian",
      "frame_changer:crying_polished_obsidian_stairs",
      "frame_changer:crying_polished_obsidian_wall",
      "frame_changer:crying_polished_obsidian_slab",
      "frame_changer:crying_chiseled_obsidian",
      "frame_changer:crying_obsidian_pillar",
      "minecraft:respawn_anchor",
      "spelunkery:portal_fluid_bottle",
      "spelunkery:portal_fluid_bucket",
      "quark:myalite",
      "quark:dusky_myalite",
      "quark:myalite_crystal",
      "blockofsky:void_block",
      "enlightened_end:void_shale",
      "enlightened_end:chiseled_void_shale",
      "enlightened_end:void_shale_stairs",
      "enlightened_end:void_shale_slab",
      "enlightened_end:void_shale_wall",
      "enlightened_end:void_shale_pressure_plate",
      "enlightened_end:void_shale_button",
      "enlightened_end:polished_void_shale",
      "enlightened_end:polished_void_shale_stairs",
      "enlightened_end:polished_void_shale_wall",
      "enlightened_end:polished_void_shale_stairs",
      "enlightened_end:polished_void_shale_wall",
      "enlightened_end:cracked_void_shale_bricks",
      "enlightened_end:void_shale_bricks",
      "enlightened_end:void_shale_brick_stairs",
      "enlightened_end:void_shale_brick_slab",
      "enlightened_end:void_shale_brick_wall",
      "enlightened_end:void_shale_tiles",
      "enlightened_end:cracked_void_shale_tiles",
      "enlightened_end:void_shale_tile_stairs",
      "enlightened_end:void_shale_tile_slab",
      "enlightened_end:void_shale_tile_wall",
      "alexscaves:block_of_pearl",
      "collectorsreap:lunar_pearl",
      "caverns_and_chasms:bejeweled_pearl",
      "alexscaves:pearl",
      "alexsmobs:ender_residue",
      "alexscaves:gazing_pearl",
      "transmog:void_fragment",
      "transmog:transmogrification_table",
      "patchouli:guide_book",
      "scriptor:book_of_books",
      "scriptor:spellbook_binder",
      "scriptor:chalk",
      "scriptor:tome_tier2",
      "scriptor:tome_tier3",
      "scriptor:tome_tier4",
      "scriptor:identify_scroll",
      "scriptor:casting_crystal",
      "scriptor:player_casting_crystal",
      "scriptor:coordinate_casting_crystal",
      "dimdungeons:block_portal_keyhole",
      "dimdungeons:block_key_charger",
      "dimdungeons:item_portal_key",
      "dimdungeons:item_blank_advanced_key",
      "dimdungeons:item_blank_build_key",
      "dimdungeons:item_blank_teleporter_key",
      "immersive_weathering:architects_palette/twisted_leaf_pile",
      "architects_palette:hadaline",
      "architects_palette:hadaline_bricks",
      "architects_palette:hadaline_brick_slab",
      "architects_palette:hadaline_tiles",
      "architects_palette:hadaline_tile_slab",
      "architects_palette:chiseled_hadaline_bricks",
      "architects_palette:hadaline_pillar",
      "architects_palette:hadaline_lamp",
      "architects_palette:hadaline_plating",
      "architects_palette:entwine_block",
      "architects_palette:entwine_slab",
      "architects_palette:entwine_stairs",
      "architects_palette:entwine_pillar",
      "architects_palette:chiseled_entwine",
      "architects_palette:entwine_bars",
      "architects_palette:warpstone",
      "architects_palette:warpstone_slab",
      "architects_palette:warpstone_stairs",
      "architects_palette:warpstone_wall",
      "architects_palette:twisted_planks",
      "architects_palette:twisted_slab",
      "architects_palette:twisted_stairs",
      "architects_palette:stripped_twisted_log",
      "architects_palette:stripped_twisted_wood",
      "architects_palette:twisted_log",
      "architects_palette:twisted_wood",
      "architects_palette:twisted_leaves",
      "architects_palette:twisted_fence",
      "architects_palette:twisted_fence_gate",
      "architects_palette:twisted_door",
      "architects_palette:twisted_trapdoor",
      "architects_palette:twisted_button",
      "architects_palette:twisted_pressure_plate",
      "architects_palette:twisted_sapling",
      "architects_palette:twisted_boards",
      "architects_palette:twisted_board_slab",
      "architects_palette:twisted_board_stairs",
      "architects_palette:twisted_board_wall",
      "architects_palette:twisted_railing",
      "architects_palette:unobtanium_block",
      "architects_palette:esoterrack",
      "architects_palette:esoterrack_slab",
      "architects_palette:esoterrack_stairs",
      "architects_palette:esoterrack_wall",
      "architects_palette:esoterrack_bricks",
      "architects_palette:esoterrack_brick_slab",
      "architects_palette:esoterrack_brick_stairs",
      "architects_palette:esoterrack_brick_wall",
      "architects_palette:esoterrack_pillar",
      "architects_palette:onyx",
      "architects_palette:onyx_slab",
      "architects_palette:onyx_stairs",
      "architects_palette:onyx_wall",
      "architects_palette:onyx_bricks",
      "architects_palette:onyx_brick_slab",
      "architects_palette:onyx_brick_stairs",
      "architects_palette:onyx_brick_wall",
      "architects_palette:onyx_pillar",
      "architects_palette:moonshale",
      "architects_palette:moonshale_slab",
      "architects_palette:moonshale_stairs",
      "architects_palette:moonshale_wall",
      "architects_palette:chiseled_moonshale",
      "architects_palette:moonshale_bricks",
      "architects_palette:moonshale_brick_slab",
      "architects_palette:moonshale_brick_wall",
      "architects_palette:cracked_moonshale_bricks",
      "architects_palette:moonshale_flagstone",
      "architects_palette:bordered_moonshale",
      "architects_palette:craterstone",
      "architects_palette:craterstone_slab",
      "architects_palette:craterstone_stairs",
      "architects_palette:craterstone_wall",
      "architects_palette:nebulite",
      "architects_palette:nebulite_slab",
      "architects_palette:nebulite_stairs",
      "architects_palette:nebulite_wall",
      "architects_palette:polished_nebulite",
      "architects_palette:polished_nebulite_slab",
      "architects_palette:polished_nebulite_stairs",
      "endermanoverhaul:corrupted_shield",
      "endermanoverhaul:corrupted_blade",
      "endermanoverhaul:enderman_tooth",
      "endermanoverhaul:warped_pearl",
      "endermanoverhaul:crimson_pearl",
      "endermanoverhaul:summoner_pearl",
      "endermanoverhaul:bubble_pearl",
      "endermanoverhaul:ancient_pearl",
      "endermanoverhaul:soul_pearl",
      "endermanoverhaul:corrupted_pearl",
      "plushified:gray"
    ]
  }
}