{
  "priority": 1000,
  "frame": ["obscure_tooltips:fire"],
  "panel": ["obscure_tooltips:fire"],
  "filter": {
    "items":[ 
     "minecraft:torch",
     "architects_palette:nether_brass_torch",
     "caverns_and_chasms:cupric_torch",
     "minecraft:lantern",
     "bountifulfares:feldspar_lantern",
     "habitat:fairy_spore_lantern",
     "blocky_siege:giant_fire_bomb",
     "blocky_siege:fire_bomb_0",
     "minecraft:fire_charge",
     "goodending:firefly_lantern",
     "caverns_and_chasms:cupric_campfire",
     "goodending:firefly_bottle",
     "minecraft:campfire",
     "minecraft:magma_block",
     "minecraft:magma_cream",
     "alexscaves:primal_magma",
     "minecraft:netherrack",
     "architects_palette:molten_nether_bricks",
     "bitter_brews:mud_stove",
     "farmersdelight:stove",
     "mynethersdelight:nether_bricks_soul_stove",
     "mynethersdelight:nether_bricks_stove",
     "mint:lavender_oil_lantern",
     "createdieselgenerators:crude_oil_bucket",
     "createdieselgenerators:plant_oil_bucket",
     "createdieselgenerators:oil_barrel",
     "createdieselgenerators:oil_scanner",
     "immersive_weathering:charred_log",
     "immersive_weathering:charred_planks",
     "immersive_weathering:charred_slab",
     "immersive_weathering:charred_stairs",
     "immersive_weathering:charred_fence",
     "immersive_weathering:charred_fence_gate",
     "minecraft:charcoal",
     "architects_palette:charcoal_block",
     "quark:charcoal_block",
     "minecraft:furnace",
     "minecraft:blast_furnace",
     "minecraft:coal",
     "spelunkery:coal_lump",
     "minecraft:coal_block",
     "ad_astra:etrionic_blast_furnace",
     "ad_astra:coal_generator",
     "alexscaves:nuclear_furnace_component",
     "spelunkery:charcoal_lump",
     "create:steam_engine",
     "alexscaves:enigmatic_engine",
     "vs_eureka:engine",
     "createdieselgenerators:diesel_engine",
     "createdieselgenerators:large_diesel_engine",
     "createdieselgenerators:huge_diesel_engine",
     "mynethersdelight:bullet_pepper_crate",
     "mynethersdelight:spicy_curry",
     "mynethersdelight:hot_wings",
     "mynethersdelight:spicy_hoglin_stew",
     "mynethersdelight:chilidog",
     "mynethersdelight:spicy_skewer",
     "mynethersdelight:bullet_pepper",
     "mynethersdelight:spicy_noodle_soup",
     "alexscaves:tectonic_shard",
     "alexscaves:extinction_spear",
     "alexscaves:volcanic_core",
     "galosphere:silver_bomb",
     "immersive_aircraft:bomb_bay",
     "minecraft:tnt",
     "minecraft:tnt_minecart",
     "oreganized:shrapnel_bomb",
     "alexscaves:nuclear_bomb",
     "savage_and_ravage:spore_bomb",
     "caverns_and_chasms:tmt",
     "blocky_siege:barrel_of_gunpowder",
     "quark:gunpowder_sack",
     "blocky_siege:keg_of_gunpowder_0",
     "minecraft:gunpowder",
     "alexscaves:charred_remnant",
     "createdieselgenerators:engine_turbocharger",
     "createdieselgenerators:engine_silencer",
     "createdieselgenerators:engine_piston",
     "createdieselgenerators:lighter",
     "createdieselgenerators:biodiesel_bucket",
     "createdieselgenerators:diesel_bucket",
     "createdieselgenerators:gasoline_bucket",
     "createdieselgenerators:ethanol_bucket",
     "createdieselgenerators:canister",
     "minecraft:lava_bucket",
     "caverns_and_chasms:golden_lava_bucket",
     "caverns_and_chasms:cupric_lantern",
     "caverns_and_chasms:brazier",
     "caverns_and_chasms:cupric_brazier",
     "caverns_and_chasms:lava_lamp",
     "piglinproliferation:stone_fire_ring",
     "piglinproliferation:deepslate_fire_ring",
     "piglinproliferation:netherrack_fire_ring",
     "piglinproliferation:blackstone_fire_ring",
     "piglinproliferation:end_stone_fire_ring",
     "mynethersdelight:bleeding_tartar",
     "minecraft:fire_coral_block",
     "minecraft:fire_coral",
     "minecraft:fire_coral_fan",
     "netherdungeons:magmacube_lantern",
     "netherdungeons:magmacube_lantern_empty",
     "netherdungeons:magma_nether_bricks",
     "netherdungeons:magma_nether_brick_stairs",
     "netherdungeons:magma_nether_brick_slab",
     "netherdungeons:magma_nether_brick_fence",
     "netherdungeons:magma_nether_brick_wall",
     "netherdungeons:chiseled_magma_nether_bricks",
     "quark:flamerang",
     "mint:ember",
     "mint:ember_arrow",
     "mynethersdelight:deviled_egg",
     "endermanoverhaul:savanna_hood"
    
    
     
    ]
  }
}