{
  "priority": 950,
  "frame": ["obscure_tooltips:gilded"],
  "panel": ["obscure_tooltips:gilded"],
  "icon": ["obscure_tooltips:default"],
  "effects": ["obscure_tooltips:goldenspark", "obscure_tooltips:goldenshine"],
  "filter": {
    "items": [
     
      "oreganized:electrum_ingot",
      "oreganized:electrum_block",
      "oreganized:electrum_boots",
      "oreganized:electrum_leggings",
      "oreganized:electrum_chestplate",
      "oreganized:electrum_helmet",
      "oreganized:electrum_upgrade_smithing_template",
      "molten_metals:molten_electrum_ingot_mold",
      "molten_metals:molten_electrum_ceramic_ingot_mold",
      "molten_metals:molten_electrum_bucket",
      "oreganized:electrum_hoe",
      "oreganized:electrum_axe",
      "oreganized:electrum_pickaxe",
      "oreganized:electrum_shovel",
      "oreganized:electrum_sword",
      "oreganized:electrum_nugget",
      "createaddition:electrum_rod",
      "createaddition:electrum_spool",
      "createaddition:electrum_wire",
      "createaddition:electrum_sheet",
      "createaddition:electrum_amulet",
      "createaddition:electric_motor",
      "galosphere:lumiere_shard",
      "galosphere:lumiere_block",
      "galosphere:charged_lumiere_block",
      "galosphere:lumiere_cluster",
      "galosphere:glinted_lumiere_cluster",
      "sculkhorde:pure_souls",
      "sculkhorde:infestation_ward_block",
      "sculkhorde:purification_flask",
      "sculkhorde:eye_of_purity",
      "sculkhorde:essence_of_purity",
      "sculkhorde:heart_of_purity",
      "minecraft:glowstone",
      "endermanoverhaul:badlands_hood"
    ]
  }
}