{
  "priority": 1000,
  "frame": ["obscure_tooltips:valved"],
  "panel": ["obscure_tooltips:copper"],
  "filter": {
    "items":  [
     "create:fluid_valve",
     "create:copper_valve_handle",
     "create:white_valve_handle",
     "create:orange_valve_handle",
     "create:magenta_valve_handle",
     "create:light_blue_valve_handle",
     "create:yellow_valve_handle",
     "create:yellow_valve_handle",
     "create:lime_valve_handle",
     "create:pink_valve_handle",
     "create:gray_valve_handle",
     "create:light_gray_valve_handle",
     "create:cyan_valve_handle",
     "create:purple_valve_handle",
     "create:blue_valve_handle",
     "create:brown_valve_handle",
     "create:green_valve_handle",
     "create:red_valve_handle",
     "create:black_valve_handle",
     "alexscaves:copper_valve",
     "create:mint_valve_handle",
     "create:peach_valve_handle",
     "create:periwinkle_valve_handle",
     "create:artichoke_valve_handle",
     "create:fuchsia_valve_handle",
     "create:vermilion_valve_handle",
     "create:shamrock_valve_handle",
     "create:indigo_valve_handle",
     "create:banana_valve_handle",
     "create:cerulean_valve_handle",
     "create:acorn_valve_handle",
     "create:mauve_valve_handle",
     "create:maroon_valve_handle",
     "create:grape_valve_handle",
     "create:navy_valve_handle",
     "create:sap_valve_handle",
     "create:amber_valve_handle",
     "create:sage_valve_handle",
     "create:velvet_valve_handle",
     "create:mold_valve_handle",
     "miners_delight:copper_cup",
     "miners_delight:copper_carrot",
     "createaddition:copper_wire",
     "createaddition:festive_spool",
     "createaddition:copper_spool",
     "miners_delight:copper_pot",
     "bitter_brews:copper_tea_kettle",
     "brewery:silo_copper",
     "brewery:copper_brewingstation",
     "architects_palette:copper_nub",
     "twigs:copper_pillar",
     "minecraft:cut_copper_stairs",
     "minecraft:copper_block",
     "minecraft:oxidized_cut_copper",
     "minecraft:weathered_cut_copper",
     "minecraft:exposed_cut_copper",
     "minecraft:oxidized_copper",
     "minecraft:weathered_copper",
     "minecraft:oxidized_cut_copper_slab",
     "minecraft:weathered_cut_copper_slab",
     "minecraft:exposed_cut_copper_slab",
     "minecraft:cut_copper_slab",
     "minecraft:exposed_copper",
     "minecraft:exposed_cut_copper_slab",
     "minecraft:weathered_cut_copper_slab",
     "minecraft:oxidized_cut_copper_slab",
     "minecraft:raw_copper",
     "minecraft:copper_ingot",
     "createaddition:copper_rod",
     "architects_palette:exposed_copper_nub",
     "architects_palette:weathered_copper_nub",
     "architects_palette:oxidized_copper_nub",
     "twigs:exposed_copper_pillar",
     "twigs:weathered_copper_pillar",
     "twigs:oxidized_copper_pillar",
     "sullysmod:copper_button",
     "sullysmod:exposed_copper_button",
     "sullysmod:weathered_copper_button",
     "sullysmod:oxidized_copper_button",
     "create:copper_casing",
     "create:copper_nugget",
     "create:copper_sheet",
     "create:crushed_raw_copper",
     "create:copper_backtank",
     "create:copper_diving_helmet",
     "create:copper_diving_boots",
     "create:copper_ladder",
     "create:copper_bars",
     "create:copper_scaffolding",
     "create:copper_door",
     "create:copper_shingles",
     "create:exposed_copper_shingles",
     "create:weathered_copper_shingles",
     "create:oxidized_copper_shingles",
     "create:copper_shingle_slab",
     "create:exposed_copper_shingle_slab",
     "create:weathered_copper_shingle_slab",
     "create:oxidized_copper_shingle_slab",
     "create:copper_shingle_stairs",
     "create:exposed_copper_shingle_stairs",
     "create:weathered_copper_shingle_stairs",
     "create:oxidized_copper_shingle_stairs",
     "create:copper_tiles",
     "create:exposed_copper_tiles",
     "create:weathered_copper_tiles",
     "create:oxidized_copper_tiles",
     "create:copper_tile_slab",
     "create:exposed_copper_tile_slab",
     "create:weathered_copper_tile_slab",
     "create:oxidized_copper_tile_slab",
     "create:copper_tile_stairs",
     "create:exposed_copper_tile_stairs",
     "create:weathered_copper_tile_stairs",
     "create:oxidized_copper_tile_stairs",
     "caverns_and_chasms:copper_bars",
     "caverns_and_chasms:exposed_copper_bars",
     "caverns_and_chasms:weathered_copper_bars",
     "caverns_and_chasms:oxidized_copper_bars",
     "caverns_and_chasms:copper_button",
     "caverns_and_chasms:exposed_copper_button",
     "caverns_and_chasms:weathered_copper_button",
     "caverns_and_chasms:oxidized_copper_button",
     "caverns_and_chasms:oxidized_copper_golem",
     "molten_metals:molten_copper_bucket",
     "molten_metals:molten_copper_ingot_mold",
     "molten_metals:molten_copper_ceramic_ingot_mold",
     "alexscaves:diving_helmet",
     "alexscaves:diving_chestplate",
     "alexscaves:diving_leggings",
     "alexscaves:diving_boots",
     "immersive_aircraft:sturdy_pipes",
     "create:fluid_pipe",
     "create:smart_fluid_pipe",
     "createdieselgenerators:pumpjack_hole",
     "create:mechanical_pump",
     "domesticationinnovation:collar_taga",
     "trials:trial_key",
     "trials:music_disc_creator_box",
     "create:potato_cannon",
     "trials:bolt_template",
     "miners_delight:water_cup",
     "miners_delight:milk_cup",
     "vs_eureka:ballast",
     "create:fluid_tank",
     "create:hose_pulley",
     "create:item_drain",
     "create:spout",
     "create:portable_fluid_interface",
     "supplementaries:cog_block",
     "copperative:exposed_cog_block",
     "copperative:weathered_cog_block",
     "copperative:oxidized_cog_block",
     "minecraft:repeater",
     "copperative:exposed_repeater",
     "copperative:weathered_repeater",
     "copperative:oxidized_repeater",
     "minecraft:comparator",
     "copperative:exposed_comparator",
     "copperative:weathered_comparator",
     "copperative:oxidized_comparator",
     "supplementaries:crank",
     "copperative:exposed_crank",
     "copperative:weathered_crank",
     "copperative:oxidized_crank",
     "minecraft:lever",
     "copperative:exposed_lever",
     "copperative:weathered_lever",
     "copperative:oxidized_lever",
     "minecraft:lightning_rod",
     "minecraft:piston",
     "copperative:exposed_piston",
     "copperative:weathered_piston",
     "copperative:oxidized_piston",
     "minecraft:sticky_piston",
     "copperative:exposed_sticky_piston",
     "copperative:weathered_sticky_piston",
     "copperative:oxidized_sticky_piston",
     "minecraft:dispenser",
     "copperative:exposed_dispenser",
     "copperative:weathered_dispenser",
     "copperative:oxidized_dispenser",
     "minecraft:dropper",
     "copperative:exposed_dropper",
     "copperative:weathered_dropper",
     "copperative:oxidized_dropper",
     "minecraft:observer",
     "copperative:exposed_observer",
     "copperative:weathered_observer",
     "copperative:oxidized_observer",
     "supplementaries:relayer",
     "copperative:exposed_relayer",
     "copperative:weathered_relayer",
     "copperative:oxidized_relayer",
     "copperative:copper_door",
     "copperative:exposed_copper_door",
     "copperative:weathered_copper_door",
     "copperative:oxidized_copper_door",
     "copperative:copper_trapdoor",
     "copperative:exposed_copper_trapdoor",
     "copperative:weathered_copper_trapdoor",
     "copperative:oxidized_copper_trapdoor",
     "copperative:headlight",
     "copperative:exposed_headlight",
     "copperative:weathered_headlight",
     "copperative:oxidized_headlight",
     "copperative:toggler",
     "copperative:exposed_toggler",
     "copperative:weathered_toggler",
     "copperative:oxidized_toggler",
     "caverns_and_chasms:floodlight",
     "caverns_and_chasms:exposed_floodlight",
     "caverns_and_chasms:weathered_floodlight",
     "caverns_and_chasms:oxidized_floodlight",
     "galosphere:chandelier",
     "supplementaries:wrench",
     "caverns_and_chasms:tuning_fork",
     "caverns_and_chasms:barometer"
    ]
  }
}