{
    "providers": [
        {
            "type": "reference",
            "id": "cheerful:emojis"
        },
        {
            "type": "reference",
            "id": "minecraft:include/space"
        },
        {
            "type": "reference",
            "id": "minecraft:include/default",
            "filter": {
                "uniform": false
            }
        },
        {
            "type": "reference",
            "id": "minecraft:include/unifont"
        }
    ]
}
