{
    "criteria": {
        "requirement": {
            "trigger": "minecraft:placed_block",
            "conditions": {
                "location": [
                    {
                        "condition": "minecraft:location_check",
                        "predicate": {
                            "block": {
                                "blocks": ["minecraft:hopper"]
                            }
                        }
                    }
                ]
            }
        }
    },
    "rewards": {
        "function": "pk_painting_table:actions/player_placed_hopper"
    }
}
