{
    "criteria": {
        "requirement": {
            "trigger": "minecraft:placed_block",
            "conditions": {
                "location": [
                    {
                        "condition": "minecraft:match_tool",
                        "predicate": {
                            "nbt": "{pkCustomBlockPlacer:1b,pkPaintingTable:1b}"
                        }
                    }
                ]
            }
        }
    },
    "rewards": {
        "function": "pk_painting_table:blocks/painting_table/actions/placed_painting_table_placer/trigger"
    }
}
